1,John,Doe,Computer Science
2,Jane,Smith,Mathematics
3,Bob,Johnson,Physics
4,Alice,Williams,Chemistry
5,John,Doe,Computer Science
6,Jane,Smith,Mathematics
7,Bob,Johnson,Physics
8,Alice,Williams,Chemistry
9,John,Doe,Computer Science
10,Jane,Smith,Mathematics
11,Bob,Johnson,Physics
12,Alice,Williams,Chemistry
13,John,Doe,Computer Science
14,Jane,Smith,Mathematics
15,Bob,Johnson,Physics
16,Alice,Williams,Chemistry
17,John,Doe,Computer Science
18,Jane,Smith,Mathematics
19,Bob,Johnson,Physics
20,Alice,Williams,Chemistry
21,John,Doe,Computer Science
22,Jane,Smith,Mathematics
23,Bob,Johnson,Physics
24,Alice,Williams,Chemistry
25,John,Doe,Computer Science
26,Jane,Smith,Mathematics
27,Bob,Johnson,Physics
28,Alice,Williams,Chemistry
29,John,Doe,Computer Science
30,Jane,Smith,Mathematics
31,Bob,Johnson,Physics
32,Alice,Williams,Chemistry
33,John,Doe,Computer Science
34,Jane,Smith,Mathematics
35,Bob,Johnson,Physics
36,Alice,Williams,Chemistry
37,John,Doe,Computer Science
38,Jane,Smith,Mathematics
39,Bob,Johnson,Physics
40,Alice,Williams,Chemistry
41,John,Doe,Computer Science
42,Jane,Smith,Mathematics
43,Bob,Johnson,Physics
44,Alice,Williams,Chemistry
45,John,Doe,Computer Science
46,Jane,Smith,Mathematics
47,Bob,Johnson,Physics
48,Alice,Williams,Chemistry
49,John,Doe,Computer Science
50,Jane,Smith,Mathematics
51,Bob,Johnson,Physics
52,Alice,Williams,Chemistry
53,John,Doe,Computer Science
54,Jane,Smith,Mathematics
55,Bob,Johnson,Physics
56,Alice,Williams,Chemistry
57,John,Doe,Computer Science
58,Jane,Smith,Mathematics
59,Bob,Johnson,Physics
60,Alice,Williams,Chemistry
61,John,Doe,Computer Science
62,Jane,Smith,Mathematics
63,Bob,Johnson,Physics
64,Alice,Williams,Chemistry
65,John,Doe,Computer Science
66,Jane,Smith,Mathematics
67,Bob,Johnson,Physics
68,Alice,Williams,Chemistry
69,John,Doe,Computer Science
70,Jane,Smith,Mathematics
71,Bob,Johnson,Physics
72,Alice,Williams,Chemistry
73,John,Doe,Computer Science
74,Jane,Smith,Mathematics
75,Bob,Johnson,Physics
76,Alice,Williams,Chemistry
77,John,Doe,Computer Science
78,Jane,Smith,Mathematics
79,Bob,Johnson,Physics
80,Alice,Williams,Chemistry
81,John,Doe,Computer Science
82,Jane,Smith,Mathematics
83,Bob,Johnson,Physics
84,Alice,Williams,Chemistry
85,John,Doe,Computer Science
86,Jane,Smith,Mathematics
87,Bob,Johnson,Physics
88,Alice,Williams,Chemistry
89,John,Doe,Computer Science
90,Jane,Smith,Mathematics
91,Bob,Johnson,Physics
92,Alice,Williams,Chemistry
93,John,Doe,Computer Science
94,Jane,Smith,Mathematics
95,Bob,Johnson,Physics
96,Alice,Williams,Chemistry
97,John,Doe,Computer Science
98,Jane,Smith,Mathematics
99,Bob,Johnson,Physics
100,Alice,Williams,Chemistry
101,John,Doe,Computer Science
102,Jane,Smith,Mathematics
103,Bob,Johnson,Physics
104,Alice,Williams,Chemistry
105,John,Doe,Computer Science
106,Jane,Smith,Mathematics
107,Bob,Johnson,Physics
108,Alice,Williams,Chemistry
109,John,Doe,Computer Science
110,Jane,Smith,Mathematics
111,Bob,Johnson,Physics
112,Alice,Williams,Chemistry
113,John,Doe,Computer Science
114,Jane,Smith,Mathematics
115,Bob,Johnson,Physics
116,Alice,Williams,Chemistry
117,John,Doe,Computer Science
118,Jane,Smith,Mathematics
119,Bob,Johnson,Physics
120,Alice,Williams,Chemistry
121,John,Doe,Computer Science
122,Jane,Smith,Mathematics
123,Bob,Johnson,Physics
124,Alice,Williams,Chemistry
125,John,Doe,Computer Science
126,Jane,Smith,Mathematics
127,Bob,Johnson,Physics
128,Alice,Williams,Chemistry
129,John,Doe,Computer Science
130,Jane,Smith,Mathematics
131,Bob,Johnson,Physics
132,Alice,Williams,Chemistry
133,John,Doe,Computer Science
134,Jane,Smith,Mathematics
135,Bob,Johnson,Physics
136,Alice,Williams,Chemistry
137,John,Doe,Computer Science
138,Jane,Smith,Mathematics
139,Bob,Johnson,Physics
140,Alice,Williams,Chemistry
141,John,Doe,Computer Science
142,Jane,Smith,Mathematics
143,Bob,Johnson,Physics
144,Alice,Williams,Chemistry
145,John,Doe,Computer Science
146,Jane,Smith,Mathematics
147,Bob,Johnson,Physics
148,Alice,Williams,Chemistry
149,John,Doe,Computer Science
150,Jane,Smith,Mathematics
151,Bob,Johnson,Physics
152,Alice,Williams,Chemistry
153,John,Doe,Computer Science
154,Jane,Smith,Mathematics
155,Bob,Johnson,Physics
156,Alice,Williams,Chemistry
157,John,Doe,Computer Science
158,Jane,Smith,Mathematics
159,Bob,Johnson,Physics
160,Alice,Williams,Chemistry
161,John,Doe,Computer Science
162,Jane,Smith,Mathematics
163,Bob,Johnson,Physics
164,Alice,Williams,Chemistry
165,John,Doe,Computer Science
166,Jane,Smith,Mathematics
167,Bob,Johnson,Physics
168,Alice,Williams,Chemistry
169,John,Doe,Computer Science
170,Jane,Smith,Mathematics
171,Bob,Johnson,Physics
172,Alice,Williams,Chemistry
173,John,Doe,Computer Science
174,Jane,Smith,Mathematics
175,Bob,Johnson,Physics
176,Alice,Williams,Chemistry
177,John,Doe,Computer Science
178,Jane,Smith,Mathematics
179,Bob,Johnson,Physics
180,Alice,Williams,Chemistry
181,John,Doe,Computer Science
182,Jane,Smith,Mathematics
183,Bob,Johnson,Physics
184,Alice,Williams,Chemistry
185,John,Doe,Computer Science
186,Jane,Smith,Mathematics
187,Bob,Johnson,Physics
188,Alice,Williams,Chemistry
189,John,Doe,Computer Science
190,Jane,Smith,Mathematics
191,Bob,Johnson,Physics
192,Alice,Williams,Chemistry
193,John,Doe,Computer Science
194,Jane,Smith,Mathematics
195,Bob,Johnson,Physics
196,Alice,Williams,Chemistry
197,John,Doe,Computer Science
198,Jane,Smith,Mathematics
199,Bob,Johnson,Physics
200,Alice,Williams,Chemistry
